{
  "metrics": {
    "avg_total_loss": 1.2650906622937295,
    "avg_distillation_loss": 0.003702872599149535,
    "avg_student_loss": 4.208328656390705,
    "avg_teacher_loss": 9.465964359519756,
    "elapsed_time": 1551.0710909366608
  },
  "config": {
    "temperature": 2.0,
    "alpha": 0.7,
    "beta": 0.3,
    "device": "cuda",
    "teacher_params": 1557611200.0,
    "student_params": 12988992.0,
    "compression_ratio": 119.91778884766424
  }
}